-- SRAMS seed data for development and testing
-- This script uses subqueries for foreign keys; primary keys are auto-generated by the database.

-- ========== REGIONS (12 records) ==========
INSERT IGNORE INTO regions (name, code, created_at) VALUES
('Greater Accra', 'GA', NOW()),
('Ashanti', 'AS', NOW()),
('Northern', 'NR', NOW()),
('Bono', 'BN', NOW()),
('Central', 'CR', NOW()),
('Eastern', 'ER', NOW()),
('Volta', 'VT', NOW()),
('Western', 'WR', NOW()),
('Upper East', 'UE', NOW()),
('Upper West', 'UW', NOW()),
('Oti', 'OT', NOW()),
('Savannah', 'SV', NOW());

-- ========== GRADE LEVELS (12 records) ==========
INSERT IGNORE INTO grade_levels (code, name, level_order, school_type) VALUES
('G1','Grade 1',1,'PRIMARY'),
('G2','Grade 2',2,'PRIMARY'),
('G3','Grade 3',3,'PRIMARY'),
('G4','Grade 4',4,'PRIMARY'),
('G5','Grade 5',5,'PRIMARY'),
('G6','Grade 6',6,'PRIMARY'),
('G7','Grade 7',7,'JHS'),
('G8','Grade 8',8,'JHS'),
('G9','Grade 9',9,'JHS'),
('G10','Grade 10',10,'COMBINED'),
('G11','Grade 11',11,'COMBINED'),
('G12','Grade 12',12,'COMBINED');

-- ========== SUBJECTS (12 records) ==========
INSERT IGNORE INTO subjects (name, code) VALUES
('Mathematics','MATH'),
('English Language','ENG'),
('Integrated Science','SCI'),
('Social Studies','SOC'),
('Physics','PHY'),
('Chemistry','CHEM'),
('Biology','BIO'),
('Geography','GEO'),
('History','HIS'),
('Information & Communication Technology','ICT'),
('Art','ART'),
('Physical Education','PE');

-- ========== ACADEMIC YEARS (12 records) ==========
INSERT IGNORE INTO academic_years (label, start_date, end_date, is_current, created_at) VALUES
('2014/2015','2014-09-01','2015-08-31',FALSE,NOW()),
('2015/2016','2015-09-01','2016-08-31',FALSE,NOW()),
('2016/2017','2016-09-01','2017-08-31',FALSE,NOW()),
('2017/2018','2017-09-01','2018-08-31',FALSE,NOW()),
('2018/2019','2018-09-01','2019-08-31',FALSE,NOW()),
('2019/2020','2019-09-01','2020-08-31',FALSE,NOW()),
('2020/2021','2020-09-01','2021-08-31',FALSE,NOW()),
('2021/2022','2021-09-01','2022-08-31',FALSE,NOW()),
('2022/2023','2022-09-01','2023-08-31',FALSE,NOW()),
('2023/2024','2023-09-01','2024-08-31',FALSE,NOW()),
('2024/2025','2024-09-01','2025-08-31',TRUE,NOW()),
('2025/2026','2025-09-01','2026-08-31',FALSE,NOW());

-- ========== TERMS (12 records, one per academic year) ==========
INSERT IGNORE INTO terms (academic_year_id, term_number, start_date, end_date) VALUES
((SELECT id FROM academic_years WHERE label='2014/2015'),1,'2014-09-01','2014-12-20'),
((SELECT id FROM academic_years WHERE label='2015/2016'),1,'2015-09-01','2015-12-18'),
((SELECT id FROM academic_years WHERE label='2016/2017'),1,'2016-09-01','2016-12-20'),
((SELECT id FROM academic_years WHERE label='2017/2018'),1,'2017-09-01','2017-12-20'),
((SELECT id FROM academic_years WHERE label='2018/2019'),1,'2018-09-01','2018-12-20'),
((SELECT id FROM academic_years WHERE label='2019/2020'),1,'2019-09-01','2019-12-20'),
((SELECT id FROM academic_years WHERE label='2020/2021'),1,'2020-09-01','2020-12-18'),
((SELECT id FROM academic_years WHERE label='2021/2022'),1,'2021-09-01','2021-12-20'),
((SELECT id FROM academic_years WHERE label='2022/2023'),1,'2022-09-01','2022-12-20'),
((SELECT id FROM academic_years WHERE label='2023/2024'),1,'2023-09-01','2023-12-20'),
((SELECT id FROM academic_years WHERE label='2024/2025'),1,'2024-09-01','2024-12-20'),
((SELECT id FROM academic_years WHERE label='2025/2026'),1,'2025-09-01','2025-12-20');

-- ========== SCHOOLS (12 records) ==========
INSERT IGNORE INTO schools (school_code, name, region_id, district, address, phone, email, school_type, is_active, created_at, updated_at) VALUES
('S001','Accra Central Primary',(SELECT id FROM regions WHERE code='GA'),'Accra Central','12 Main St, Accra','0302001001','info@s001.edu.gh','PRIMARY',TRUE,NOW(),NOW()),
('S002','Ashanti Municipal JHS',(SELECT id FROM regions WHERE code='AS'),'Kumasi Central','5 School Rd, Kumasi','0322002002','info@s002.edu.gh','JHS',TRUE,NOW(),NOW()),
('S003','Northern Secondary',(SELECT id FROM regions WHERE code='NR'),'Tamale North','10 College Ave, Tamale','0373003003','info@s003.edu.gh','COMBINED',TRUE,NOW(),NOW()),
('S004','Bono Valley Primary',(SELECT id FROM regions WHERE code='BN'),'Wenchi','8 Market St, Wenchi','0314004004','info@s004.edu.gh','PRIMARY',TRUE,NOW(),NOW()),
('S005','Central Town JHS',(SELECT id FROM regions WHERE code='CR'),'Cape Coast','2 Seaside Rd, Cape Coast','0335005005','info@s005.edu.gh','JHS',TRUE,NOW(),NOW()),
('S006','Eastern Heights School',(SELECT id FROM regions WHERE code='ER'),'Koforidua','14 Hilltop Rd, Koforidua','0346006006','info@s006.edu.gh','COMBINED',TRUE,NOW(),NOW()),
('S007','Volta Ridge Primary',(SELECT id FROM regions WHERE code='VT'),'Ho Central','3 Ridge St, Ho','0367007007','info@s007.edu.gh','PRIMARY',TRUE,NOW(),NOW()),
('S008','Western Coast Secondary',(SELECT id FROM regions WHERE code='WR'),'Takoradi','7 Seabreeze Ave, Takoradi','0358008008','info@s008.edu.gh','COMBINED',TRUE,NOW(),NOW()),
('S009','UpperEast Community JHS',(SELECT id FROM regions WHERE code='UE'),'Bolgatanga','9 Market Lane, Bolgatanga','0389009009','info@s009.edu.gh','JHS',TRUE,NOW(),NOW()),
('S010','UpperWest Prep',(SELECT id FROM regions WHERE code='UW'),'Wa','4 Green Rd, Wa','0390010010','info@s010.edu.gh','PRIMARY',TRUE,NOW(),NOW()),
('S011','Oti Valley Secondary',(SELECT id FROM regions WHERE code='OT'),'Dambai','6 River Rd, Dambai','0301100111','info@s011.edu.gh','COMBINED',TRUE,NOW(),NOW()),
('S012','Savannah Heights JHS',(SELECT id FROM regions WHERE code='SV'),'Damongo','11 Savannah St, Damongo','0372200222','info@s012.edu.gh','JHS',TRUE,NOW(),NOW());

-- ========== USERS (15 records) ==========
-- Password hashes use bcrypt; adjust if you need different credentials.
INSERT IGNORE INTO users (username, email, password_hash, first_name, last_name, role, school_id, is_active, last_login, created_at, updated_at) VALUES
('admin','admin@srams.gh','$2a$12$J5E88D0NCChI/eVBUyaOduFWo0TsEI.3NFc8VxOeJKbt9O7IJbiX.','System','Admin','ADMIN',NULL,TRUE,NULL,NOW(),NOW()),
('schooladmin_s001','admin.s001@s001.edu.gh','$2a$12$J5E88D0NCChI/eVBUyaOduFWo0TsEI.3NFc8VxOeJKbt9O7IJbiX.','Grace','Mensah','SCHOOL_ADMIN',(SELECT id FROM schools WHERE school_code='S001'),TRUE,NULL,NOW(),NOW()),
('schooladmin_s002','admin.s002@s002.edu.gh','$2a$12$J5E88D0NCChI/eVBUyaOduFWo0TsEI.3NFc8VxOeJKbt9O7IJbiX.','Kwame','Opoku','SCHOOL_ADMIN',(SELECT id FROM schools WHERE school_code='S002'),TRUE,NULL,NOW(),NOW()),
('teacher_a1','john.doe@s001.edu.gh','$2a$12$J5E88D0NCChI/eVBUyaOduFWo0TsEI.3NFc8VxOeJKbt9O7IJbiX.','John','Doe','TEACHER',(SELECT id FROM schools WHERE school_code='S001'),TRUE,NULL,NOW(),NOW()),
('teacher_a2','mary.johnson@s002.edu.gh','$2a$12$J5E88D0NCChI/eVBUyaOduFWo0TsEI.3NFc8VxOeJKbt9O7IJbiX.','Mary','Johnson','TEACHER',(SELECT id FROM schools WHERE school_code='S002'),TRUE,NULL,NOW(),NOW()),
('teacher_a3','amos.kumah@s003.edu.gh','$2a$12$J5E88D0NCChI/eVBUyaOduFWo0TsEI.3NFc8VxOeJKbt9O7IJbiX.','Amos','Kumah','TEACHER',(SELECT id FROM schools WHERE school_code='S003'),TRUE,NULL,NOW(),NOW()),
('teacher_a4','linda.owusu@s004.edu.gh','$2a$12$J5E88D0NCChI/eVBUyaOduFWo0TsEI.3NFc8VxOeJKbt9O7IJbiX.','Linda','Owusu','TEACHER',(SELECT id FROM schools WHERE school_code='S004'),TRUE,NULL,NOW(),NOW()),
('student_u1','alice.student1@s001.edu.gh','$2a$12$J5E88D0NCChI/eVBUyaOduFWo0TsEI.3NFc8VxOeJKbt9O7IJbiX.','Alice','Marie','STUDENT',(SELECT id FROM schools WHERE school_code='S001'),TRUE,NULL,NOW(),NOW()),
('student_u2','paul.student2@s002.edu.gh','$2a$12$J5E88D0NCChI/eVBUyaOduFWo0TsEI.3NFc8VxOeJKbt9O7IJbiX.','Paul','Student','STUDENT',(SELECT id FROM schools WHERE school_code='S002'),TRUE,NULL,NOW(),NOW()),
('schooladmin_s003','admin.s003@s003.edu.gh','$2a$12$J5E88D0NCChI/eVBUyaOduFWo0TsEI.3NFc8VxOeJKbt9O7IJbiX.','Antoinette','Kyeremateng','SCHOOL_ADMIN',(SELECT id FROM schools WHERE school_code='S003'),TRUE,NULL,NOW(),NOW()),
('teacher_b1','george.ameko@s005.edu.gh','$2a$12$J5E88D0NCChI/eVBUyaOduFWo0TsEI.3NFc8VxOeJKbt9O7IJbiX.','George','Ameko','TEACHER',(SELECT id FROM schools WHERE school_code='S005'),TRUE,NULL,NOW(),NOW()),
('teacher_b2','fiona.tetteh@s006.edu.gh','$2a$12$J5E88D0NCChI/eVBUyaOduFWo0TsEI.3NFc8VxOeJKbt9O7IJbiX.','Fiona','Tetteh','TEACHER',(SELECT id FROM schools WHERE school_code='S006'),TRUE,NULL,NOW(),NOW()),
('student_u3','emma.student3@s003.edu.gh','$2a$12$J5E88D0NCChI/eVBUyaOduFWo0TsEI.3NFc8VxOeJKbt9O7IJbiX.','Emma','Student','STUDENT',(SELECT id FROM schools WHERE school_code='S003'),TRUE,NULL,NOW(),NOW()),
('student_u4','liam.student4@s004.edu.gh','$2a$12$J5E88D0NCChI/eVBUyaOduFWo0TsEI.3NFc8VxOeJKbt9O7IJbiX.','Liam','Student','STUDENT',(SELECT id FROM schools WHERE school_code='S004'),TRUE,NULL,NOW(),NOW());

-- ========== STUDENTS (12 records) ==========
INSERT IGNORE INTO students (usid, school_id, grade_level_id, first_name, middle_name, last_name, date_of_birth, gender, nationality, guardian_name, guardian_phone, guardian_relation, address, enrollment_date, enrollment_year, status, photo_url, created_by, created_at, updated_at) VALUES
('GH-GA-S001-2024-0001-5',(SELECT id FROM schools WHERE school_code='S001'),(SELECT id FROM grade_levels WHERE code='G1'),'Alice','Marie','Johnson','2010-05-15','FEMALE','Ghanaian','Bob Johnson','0201234567','Father','Accra North','2024-09-01',2024,'ACTIVE',NULL,(SELECT id FROM users WHERE username='admin'),NOW(),NOW()),
('GH-GA-S001-2024-0002-3',(SELECT id FROM schools WHERE school_code='S001'),(SELECT id FROM grade_levels WHERE code='G2'),'Michael',NULL,'Brown','2009-03-22','MALE','Ghanaian','Sarah Brown','0207654321','Mother','Accra East','2024-09-01',2024,'ACTIVE',NULL,(SELECT id FROM users WHERE username='admin'),NOW(),NOW()),
('GH-AS-S002-2024-0001-7',(SELECT id FROM schools WHERE school_code='S002'),(SELECT id FROM grade_levels WHERE code='G1'),'Emma','Rose','Davis','2011-07-10','FEMALE','Ghanaian','Tom Davis','0321234567','Father','Kumasi Central','2024-09-01',2024,'ACTIVE',NULL,(SELECT id FROM users WHERE username='admin'),NOW(),NOW()),
('GH-AS-S002-2024-0002-5',(SELECT id FROM schools WHERE school_code='S002'),(SELECT id FROM grade_levels WHERE code='G2'),'Liam',NULL,'Garcia','2010-11-05','MALE','Ghanaian','Anna Garcia','0327654321','Mother','Kumasi West','2024-09-01',2024,'ACTIVE',NULL,(SELECT id FROM users WHERE username='admin'),NOW(),NOW()),
('GH-NR-S003-2024-0001-1',(SELECT id FROM schools WHERE school_code='S003'),(SELECT id FROM grade_levels WHERE code='G3'),'Noah',NULL,'Adjei','2008-02-14','MALE','Ghanaian','Esi Adjei','0373003001','Mother','Tamale North','2024-09-01',2024,'ACTIVE',NULL,(SELECT id FROM users WHERE username='admin'),NOW(),NOW()),
('GH-BN-S004-2024-0001-2',(SELECT id FROM schools WHERE school_code='S004'),(SELECT id FROM grade_levels WHERE code='G4'),'Olivia','Grace','Owusu','2010-08-30','FEMALE','Ghanaian','Paul Owusu','0314004002','Father','Wenchi Central','2024-09-01',2024,'ACTIVE',NULL,(SELECT id FROM users WHERE username='admin'),NOW(),NOW()),
('GH-CR-S005-2024-0001-3',(SELECT id FROM schools WHERE school_code='S005'),(SELECT id FROM grade_levels WHERE code='G5'),'Ethan',NULL,'Agyeman','2009-07-22','MALE','Ghanaian','Nana Agyeman','0335005003','Father','Cape Coast','2024-09-01',2024,'ACTIVE',NULL,(SELECT id FROM users WHERE username='admin'),NOW(),NOW()),
('GH-ER-S006-2024-0001-4',(SELECT id FROM schools WHERE school_code='S006'),(SELECT id FROM grade_levels WHERE code='G6'),'Ava','Rose','Mensah','2011-01-11','FEMALE','Ghanaian','Kofi Mensah','0346006004','Father','Koforidua','2024-09-01',2024,'ACTIVE',NULL,(SELECT id FROM users WHERE username='admin'),NOW(),NOW()),
('GH-VT-S007-2024-0001-6',(SELECT id FROM schools WHERE school_code='S007'),(SELECT id FROM grade_levels WHERE code='G7'),'Mia',NULL,'Nkrumah','2007-04-18','FEMALE','Ghanaian','Abeiku Nkrumah','0367007005','Father','Ho Central','2024-09-01',2024,'ACTIVE',NULL,(SELECT id FROM users WHERE username='admin'),NOW(),NOW()),
('GH-WR-S008-2024-0001-8',(SELECT id FROM schools WHERE school_code='S008'),(SELECT id FROM grade_levels WHERE code='G8'),'Lucas',NULL,'Boateng','2006-12-02','MALE','Ghanaian','Yaa Boateng','0358008006','Mother','Takoradi','2024-09-01',2024,'ACTIVE',NULL,(SELECT id FROM users WHERE username='admin'),NOW(),NOW()),
('GH-UE-S009-2024-0001-9',(SELECT id FROM schools WHERE school_code='S009'),(SELECT id FROM grade_levels WHERE code='G9'),'Zoe',NULL,'Issah','2008-06-20','FEMALE','Ghanaian','Issah Issah','0389009007','Father','Bolgatanga','2024-09-01',2024,'ACTIVE',NULL,(SELECT id FROM users WHERE username='admin'),NOW(),NOW()),
('GH-UW-S010-2024-0001-0',(SELECT id FROM schools WHERE school_code='S010'),(SELECT id FROM grade_levels WHERE code='G10'),'Owen',NULL,'Kwabena','2005-05-12','MALE','Ghanaian','Nana Kwabena','0390010011','Father','Wa','2024-09-01',2024,'ACTIVE',NULL,(SELECT id FROM users WHERE username='admin'),NOW(),NOW());

-- ========== SET studentId of student_u1  =======
UPDATE USERS
SET student_id = 1
WHERE id=8;

-- ========== TEACHERS (6 records) ==========
INSERT IGNORE INTO teachers (user_id, school_id, staff_id, date_of_birth, gender, phone, qualification, date_employed, is_active, created_at, updated_at) VALUES
((SELECT id FROM users WHERE username='teacher_a1'),(SELECT id FROM schools WHERE school_code='S001'),'T-S001-001','1980-05-10','MALE','0302000101','B.Ed','2010-08-01',TRUE,NOW(),NOW()),
((SELECT id FROM users WHERE username='teacher_a2'),(SELECT id FROM schools WHERE school_code='S002'),'T-S002-002','1985-03-22','FEMALE','0322000202','M.Ed','2012-07-15',TRUE,NOW(),NOW()),
((SELECT id FROM users WHERE username='teacher_a3'),(SELECT id FROM schools WHERE school_code='S003'),'T-S003-003','1978-11-05','MALE','0373000303','BSc Physics','2008-01-10',TRUE,NOW(),NOW()),
((SELECT id FROM users WHERE username='teacher_a4'),(SELECT id FROM schools WHERE school_code='S004'),'T-S004-004','1990-06-18','FEMALE','0314000404','B.Ed','2015-09-01',TRUE,NOW(),NOW()),
((SELECT id FROM users WHERE username='teacher_b1'),(SELECT id FROM schools WHERE school_code='S005'),'T-S005-005','1982-12-12','MALE','0335000505','PGDE','2011-03-01',TRUE,NOW(),NOW()),
((SELECT id FROM users WHERE username='teacher_b2'),(SELECT id FROM schools WHERE school_code='S006'),'T-S006-006','1987-09-09','FEMALE','0346000606','BSc Chemistry','2013-04-20',TRUE,NOW(),NOW());

-- ========== TEACHER CLASS ASSIGNMENTS (12 records) ==========
INSERT IGNORE INTO teacher_class_assignments (teacher_id, school_id, grade_level_id, term_id, is_active, created_at) VALUES
((SELECT id FROM teachers WHERE user_id=(SELECT id FROM users WHERE username='teacher_a1')),(SELECT id FROM schools WHERE school_code='S001'),(SELECT id FROM grade_levels WHERE code='G1'),(SELECT id FROM terms WHERE academic_year_id=(SELECT id FROM academic_years WHERE label='2024/2025') AND term_number=1),TRUE,NOW()),
((SELECT id FROM teachers WHERE user_id=(SELECT id FROM users WHERE username='teacher_a1')),(SELECT id FROM schools WHERE school_code='S001'),(SELECT id FROM grade_levels WHERE code='G2'),(SELECT id FROM terms WHERE academic_year_id=(SELECT id FROM academic_years WHERE label='2024/2025') AND term_number=1),TRUE,NOW()),
((SELECT id FROM teachers WHERE user_id=(SELECT id FROM users WHERE username='teacher_a2')),(SELECT id FROM schools WHERE school_code='S002'),(SELECT id FROM grade_levels WHERE code='G3'),(SELECT id FROM terms WHERE academic_year_id=(SELECT id FROM academic_years WHERE label='2024/2025') AND term_number=1),TRUE,NOW()),
((SELECT id FROM teachers WHERE user_id=(SELECT id FROM users WHERE username='teacher_a2')),(SELECT id FROM schools WHERE school_code='S002'),(SELECT id FROM grade_levels WHERE code='G4'),(SELECT id FROM terms WHERE academic_year_id=(SELECT id FROM academic_years WHERE label='2024/2025') AND term_number=1),TRUE,NOW()),
((SELECT id FROM teachers WHERE user_id=(SELECT id FROM users WHERE username='teacher_a3')),(SELECT id FROM schools WHERE school_code='S003'),(SELECT id FROM grade_levels WHERE code='G5'),(SELECT id FROM terms WHERE academic_year_id=(SELECT id FROM academic_years WHERE label='2024/2025') AND term_number=1),TRUE,NOW()),
((SELECT id FROM teachers WHERE user_id=(SELECT id FROM users WHERE username='teacher_a3')),(SELECT id FROM schools WHERE school_code='S003'),(SELECT id FROM grade_levels WHERE code='G6'),(SELECT id FROM terms WHERE academic_year_id=(SELECT id FROM academic_years WHERE label='2024/2025') AND term_number=1),TRUE,NOW()),
((SELECT id FROM teachers WHERE user_id=(SELECT id FROM users WHERE username='teacher_a4')),(SELECT id FROM schools WHERE school_code='S004'),(SELECT id FROM grade_levels WHERE code='G7'),(SELECT id FROM terms WHERE academic_year_id=(SELECT id FROM academic_years WHERE label='2024/2025') AND term_number=1),TRUE,NOW()),
((SELECT id FROM teachers WHERE user_id=(SELECT id FROM users WHERE username='teacher_b1')),(SELECT id FROM schools WHERE school_code='S005'),(SELECT id FROM grade_levels WHERE code='G8'),(SELECT id FROM terms WHERE academic_year_id=(SELECT id FROM academic_years WHERE label='2024/2025') AND term_number=1),TRUE,NOW()),
((SELECT id FROM teachers WHERE user_id=(SELECT id FROM users WHERE username='teacher_b2')),(SELECT id FROM schools WHERE school_code='S006'),(SELECT id FROM grade_levels WHERE code='G9'),(SELECT id FROM terms WHERE academic_year_id=(SELECT id FROM academic_years WHERE label='2024/2025') AND term_number=1),TRUE,NOW()),
((SELECT id FROM teachers WHERE user_id=(SELECT id FROM users WHERE username='teacher_b2')),(SELECT id FROM schools WHERE school_code='S006'),(SELECT id FROM grade_levels WHERE code='G10'),(SELECT id FROM terms WHERE academic_year_id=(SELECT id FROM academic_years WHERE label='2024/2025') AND term_number=1),TRUE,NOW()),
((SELECT id FROM teachers WHERE user_id=(SELECT id FROM users WHERE username='teacher_a1')),(SELECT id FROM schools WHERE school_code='S001'),(SELECT id FROM grade_levels WHERE code='G11'),(SELECT id FROM terms WHERE academic_year_id=(SELECT id FROM academic_years WHERE label='2024/2025') AND term_number=1),TRUE,NOW()),
((SELECT id FROM teachers WHERE user_id=(SELECT id FROM users WHERE username='teacher_a2')),(SELECT id FROM schools WHERE school_code='S002'),(SELECT id FROM grade_levels WHERE code='G12'),(SELECT id FROM terms WHERE academic_year_id=(SELECT id FROM academic_years WHERE label='2024/2025') AND term_number=1),TRUE,NOW());

-- ========== ATTENDANCE RECORDS (12 records) ==========
INSERT IGNORE INTO attendance_records (student_id, school_id, grade_level_id, term_id, attendance_date, period, status, absence_reason, marked_by, marked_at) VALUES
((SELECT id FROM students WHERE usid='GH-GA-S001-2024-0001-5'),(SELECT id FROM schools WHERE school_code='S001'),(SELECT id FROM grade_levels WHERE code='G1'),(SELECT id FROM terms WHERE academic_year_id=(SELECT id FROM academic_years WHERE label='2024/2025') AND term_number=1),'2024-09-02','MORNING','PRESENT',NULL,(SELECT id FROM users WHERE username='teacher_a1'),NOW()),
((SELECT id FROM students WHERE usid='GH-GA-S001-2024-0002-3'),(SELECT id FROM schools WHERE school_code='S001'),(SELECT id FROM grade_levels WHERE code='G2'),(SELECT id FROM terms WHERE academic_year_id=(SELECT id FROM academic_years WHERE label='2024/2025') AND term_number=1),'2024-09-02','MORNING','ABSENT','Sick',(SELECT id FROM users WHERE username='teacher_a1'),NOW()),
((SELECT id FROM students WHERE usid='GH-AS-S002-2024-0001-7'),(SELECT id FROM schools WHERE school_code='S002'),(SELECT id FROM grade_levels WHERE code='G1'),(SELECT id FROM terms WHERE academic_year_id=(SELECT id FROM academic_years WHERE label='2024/2025') AND term_number=1),'2024-09-03','MORNING','PRESENT',NULL,(SELECT id FROM users WHERE username='teacher_a2'),NOW()),
((SELECT id FROM students WHERE usid='GH-AS-S002-2024-0002-5'),(SELECT id FROM schools WHERE school_code='S002'),(SELECT id FROM grade_levels WHERE code='G2'),(SELECT id FROM terms WHERE academic_year_id=(SELECT id FROM academic_years WHERE label='2024/2025') AND term_number=1),'2024-09-03','MORNING','LATE',NULL,(SELECT id FROM users WHERE username='teacher_a2'),NOW()),
((SELECT id FROM students WHERE usid='GH-NR-S003-2024-0001-1'),(SELECT id FROM schools WHERE school_code='S003'),(SELECT id FROM grade_levels WHERE code='G3'),(SELECT id FROM terms WHERE academic_year_id=(SELECT id FROM academic_years WHERE label='2024/2025') AND term_number=1),'2024-09-04','MORNING','PRESENT',NULL,(SELECT id FROM users WHERE username='teacher_a3'),NOW()),
((SELECT id FROM students WHERE usid='GH-BN-S004-2024-0001-2'),(SELECT id FROM schools WHERE school_code='S004'),(SELECT id FROM grade_levels WHERE code='G4'),(SELECT id FROM terms WHERE academic_year_id=(SELECT id FROM academic_years WHERE label='2024/2025') AND term_number=1),'2024-09-04','AFTERNOON','PRESENT',NULL,(SELECT id FROM users WHERE username='teacher_a4'),NOW()),
((SELECT id FROM students WHERE usid='GH-CR-S005-2024-0001-3'),(SELECT id FROM schools WHERE school_code='S005'),(SELECT id FROM grade_levels WHERE code='G5'),(SELECT id FROM terms WHERE academic_year_id=(SELECT id FROM academic_years WHERE label='2024/2025') AND term_number=1),'2024-09-05','MORNING','PRESENT',NULL,(SELECT id FROM users WHERE username='teacher_b1'),NOW()),
((SELECT id FROM students WHERE usid='GH-ER-S006-2024-0001-4'),(SELECT id FROM schools WHERE school_code='S006'),(SELECT id FROM grade_levels WHERE code='G6'),(SELECT id FROM terms WHERE academic_year_id=(SELECT id FROM academic_years WHERE label='2024/2025') AND term_number=1),'2024-09-05','MORNING','ABSENT','Medical',(SELECT id FROM users WHERE username='teacher_b2'),NOW()),
((SELECT id FROM students WHERE usid='GH-VT-S007-2024-0001-6'),(SELECT id FROM schools WHERE school_code='S007'),(SELECT id FROM grade_levels WHERE code='G7'),(SELECT id FROM terms WHERE academic_year_id=(SELECT id FROM academic_years WHERE label='2024/2025') AND term_number=1),'2024-09-06','MORNING','PRESENT',NULL,(SELECT id FROM users WHERE username='teacher_a4'),NOW()),
((SELECT id FROM students WHERE usid='GH-WR-S008-2024-0001-8'),(SELECT id FROM schools WHERE school_code='S008'),(SELECT id FROM grade_levels WHERE code='G8'),(SELECT id FROM terms WHERE academic_year_id=(SELECT id FROM academic_years WHERE label='2024/2025') AND term_number=1),'2024-09-06','AFTERNOON','LATE',NULL,(SELECT id FROM users WHERE username='teacher_b1'),NOW()),
((SELECT id FROM students WHERE usid='GH-UE-S009-2024-0001-9'),(SELECT id FROM schools WHERE school_code='S009'),(SELECT id FROM grade_levels WHERE code='G9'),(SELECT id FROM terms WHERE academic_year_id=(SELECT id FROM academic_years WHERE label='2024/2025') AND term_number=1),'2024-09-07','MORNING','EXCUSED','Permission',(SELECT id FROM users WHERE username='teacher_b2'),NOW());

-- ========== ACADEMIC PERFORMANCES (12 records) ==========
INSERT IGNORE INTO academic_performances (student_id, school_id, term_id, grade_level_id, subject_id, class_score, exam_score, total_score, grade, position, remarks, recorded_by, created_at, updated_at) VALUES
((SELECT id FROM students WHERE usid='GH-GA-S001-2024-0001-5'),(SELECT id FROM schools WHERE school_code='S001'),(SELECT id FROM terms WHERE academic_year_id=(SELECT id FROM academic_years WHERE label='2024/2025') AND term_number=1),(SELECT id FROM grade_levels WHERE code='G1'),(SELECT id FROM subjects WHERE code='MATH'),20.0,65.5,85.5,'A',1,'Excellent',(SELECT id FROM users WHERE username='teacher_a1'),NOW(),NOW()),
((SELECT id FROM students WHERE usid='GH-GA-S001-2024-0001-5'),(SELECT id FROM schools WHERE school_code='S001'),(SELECT id FROM terms WHERE academic_year_id=(SELECT id FROM academic_years WHERE label='2024/2025') AND term_number=1),(SELECT id FROM grade_levels WHERE code='G1'),(SELECT id FROM subjects WHERE code='ENG'),25.0,65.0,90.0,'A',1,'Very Good',(SELECT id FROM users WHERE username='teacher_a1'),NOW(),NOW()),
((SELECT id FROM students WHERE usid='GH-GA-S001-2024-0002-3'),(SELECT id FROM schools WHERE school_code='S001'),(SELECT id FROM terms WHERE academic_year_id=(SELECT id FROM academic_years WHERE label='2024/2025') AND term_number=1),(SELECT id FROM grade_levels WHERE code='G2'),(SELECT id FROM subjects WHERE code='SCI'),18.0,60.0,78.0,'B',5,'Good',(SELECT id FROM users WHERE username='teacher_a1'),NOW(),NOW()),
((SELECT id FROM students WHERE usid='GH-AS-S002-2024-0001-7'),(SELECT id FROM schools WHERE school_code='S002'),(SELECT id FROM terms WHERE academic_year_id=(SELECT id FROM academic_years WHERE label='2024/2025') AND term_number=1),(SELECT id FROM grade_levels WHERE code='G1'),(SELECT id FROM subjects WHERE code='PHY'),22.5,70.0,92.5,'A',2,'Outstanding',(SELECT id FROM users WHERE username='teacher_a2'),NOW(),NOW()),
((SELECT id FROM students WHERE usid='GH-BN-S004-2024-0001-2'),(SELECT id FROM schools WHERE school_code='S004'),(SELECT id FROM terms WHERE academic_year_id=(SELECT id FROM academic_years WHERE label='2024/2025') AND term_number=1),(SELECT id FROM grade_levels WHERE code='G4'),(SELECT id FROM subjects WHERE code='CHEM'),15.0,55.0,70.0,'C',15,'Needs Improvement',(SELECT id FROM users WHERE username='teacher_a4'),NOW(),NOW()),
((SELECT id FROM students WHERE usid='GH-CR-S005-2024-0001-3'),(SELECT id FROM schools WHERE school_code='S005'),(SELECT id FROM terms WHERE academic_year_id=(SELECT id FROM academic_years WHERE label='2024/2025') AND term_number=1),(SELECT id FROM grade_levels WHERE code='G5'),(SELECT id FROM subjects WHERE code='BIO'),28.0,60.0,88.0,'A',3,'Very Good',(SELECT id FROM users WHERE username='teacher_b1'),NOW(),NOW()),
((SELECT id FROM students WHERE usid='GH-ER-S006-2024-0001-4'),(SELECT id FROM schools WHERE school_code='S006'),(SELECT id FROM terms WHERE academic_year_id=(SELECT id FROM academic_years WHERE label='2024/2025') AND term_number=1),(SELECT id FROM grade_levels WHERE code='G6'),(SELECT id FROM subjects WHERE code='GEO'),24.0,62.0,86.0,'A',4,'Good',(SELECT id FROM users WHERE username='teacher_b2'),NOW(),NOW()),
((SELECT id FROM students WHERE usid='GH-VT-S007-2024-0001-6'),(SELECT id FROM schools WHERE school_code='S007'),(SELECT id FROM terms WHERE academic_year_id=(SELECT id FROM academic_years WHERE label='2024/2025') AND term_number=1),(SELECT id FROM grade_levels WHERE code='G7'),(SELECT id FROM subjects WHERE code='HIS'),20.0,58.0,78.0,'B',8,'Satisfactory',(SELECT id FROM users WHERE username='teacher_a4'),NOW(),NOW()),
((SELECT id FROM students WHERE usid='GH-WR-S008-2024-0001-8'),(SELECT id FROM schools WHERE school_code='S008'),(SELECT id FROM terms WHERE academic_year_id=(SELECT id FROM academic_years WHERE label='2024/2025') AND term_number=1),(SELECT id FROM grade_levels WHERE code='G8'),(SELECT id FROM subjects WHERE code='ICT'),30.0,58.0,88.0,'A',2,'Good',(SELECT id FROM users WHERE username='teacher_b1'),NOW(),NOW()),
((SELECT id FROM students WHERE usid='GH-UE-S009-2024-0001-9'),(SELECT id FROM schools WHERE school_code='S009'),(SELECT id FROM terms WHERE academic_year_id=(SELECT id FROM academic_years WHERE label='2024/2025') AND term_number=1),(SELECT id FROM grade_levels WHERE code='G9'),(SELECT id FROM subjects WHERE code='ART'),25.0,60.0,85.0,'A',5,'Creative',(SELECT id FROM users WHERE username='teacher_b2'),NOW(),NOW()),
((SELECT id FROM students WHERE usid='GH-UW-S010-2024-0001-0'),(SELECT id FROM schools WHERE school_code='S010'),(SELECT id FROM terms WHERE academic_year_id=(SELECT id FROM academic_years WHERE label='2024/2025') AND term_number=1),(SELECT id FROM grade_levels WHERE code='G10'),(SELECT id FROM subjects WHERE code='PE'),18.0,50.0,68.0,'C',18,'Below Average',(SELECT id FROM users WHERE username='teacher_b1'),NOW(),NOW());

-- ========== TRANSFER REQUESTS (12 records) ==========
INSERT IGNORE INTO transfer_requests (student_id, from_school_id, to_school_id, reason, status, requested_by, request_date, sending_approved_at, receiving_confirmed_at, completed_at, rejection_reason, notes, created_at, updated_at) VALUES
((SELECT id FROM students WHERE usid='GH-GA-S001-2024-0001-5'),(SELECT id FROM schools WHERE school_code='S001'),(SELECT id FROM schools WHERE school_code='S002'),'Family relocation','PENDING',(SELECT id FROM users WHERE username='student_u1'),'2024-10-01',NULL,NULL,NULL,NULL,NULL,NOW(),NOW()),
((SELECT id FROM students WHERE usid='GH-GA-S001-2024-0002-3'),(SELECT id FROM schools WHERE school_code='S001'),(SELECT id FROM schools WHERE school_code='S003'),'Change of guardian','PENDING',(SELECT id FROM users WHERE username='student_u2'),'2024-10-03',NULL,NULL,NULL,NULL,NULL,NOW(),NOW()),
((SELECT id FROM students WHERE usid='GH-AS-S002-2024-0001-7'),(SELECT id FROM schools WHERE school_code='S002'),(SELECT id FROM schools WHERE school_code='S004'),'Sibling at receiving school','PENDING',(SELECT id FROM users WHERE username='student_u3'),'2024-10-05',NULL,NULL,NULL,NULL,NULL,NOW(),NOW()),
((SELECT id FROM students WHERE usid='GH-AS-S002-2024-0002-5'),(SELECT id FROM schools WHERE school_code='S002'),(SELECT id FROM schools WHERE school_code='S005'),'Relocation to another town','PENDING',(SELECT id FROM users WHERE username='student_u4'),'2024-10-07',NULL,NULL,NULL,NULL,NULL,NOW(),NOW()),
((SELECT id FROM students WHERE usid='GH-NR-S003-2024-0001-1'),(SELECT id FROM schools WHERE school_code='S003'),(SELECT id FROM schools WHERE school_code='S006'),'Health reasons','PENDING',(SELECT id FROM users WHERE username='student_u1'),'2024-10-08',NULL,NULL,NULL,NULL,NULL,NOW(),NOW()),
((SELECT id FROM students WHERE usid='GH-BN-S004-2024-0001-2'),(SELECT id FROM schools WHERE school_code='S004'),(SELECT id FROM schools WHERE school_code='S007'),'Change of residence','PENDING',(SELECT id FROM users WHERE username='student_u2'),'2024-10-09',NULL,NULL,NULL,NULL,NULL,NOW(),NOW()),
((SELECT id FROM students WHERE usid='GH-CR-S005-2024-0001-3'),(SELECT id FROM schools WHERE school_code='S005'),(SELECT id FROM schools WHERE school_code='S008'),'Better facilities','PENDING',(SELECT id FROM users WHERE username='student_u3'),'2024-10-10',NULL,NULL,NULL,NULL,NULL,NOW(),NOW()),
((SELECT id FROM students WHERE usid='GH-ER-S006-2024-0001-4'),(SELECT id FROM schools WHERE school_code='S006'),(SELECT id FROM schools WHERE school_code='S009'),'Parent job transfer','PENDING',(SELECT id FROM users WHERE username='student_u4'),'2024-10-11',NULL,NULL,NULL,NULL,NULL,NOW(),NOW()),
((SELECT id FROM students WHERE usid='GH-VT-S007-2024-0001-6'),(SELECT id FROM schools WHERE school_code='S007'),(SELECT id FROM schools WHERE school_code='S010'),'Family reasons','PENDING',(SELECT id FROM users WHERE username='student_u1'),'2024-10-12',NULL,NULL,NULL,NULL,NULL,NOW(),NOW()),
((SELECT id FROM students WHERE usid='GH-WR-S008-2024-0001-8'),(SELECT id FROM schools WHERE school_code='S008'),(SELECT id FROM schools WHERE school_code='S011'),'School specialty program','PENDING',(SELECT id FROM users WHERE username='student_u2'),'2024-10-13',NULL,NULL,NULL,NULL,NULL,NOW(),NOW()),
((SELECT id FROM students WHERE usid='GH-UE-S009-2024-0001-9'),(SELECT id FROM schools WHERE school_code='S009'),(SELECT id FROM schools WHERE school_code='S012'),'Relocation','PENDING',(SELECT id FROM users WHERE username='student_u3'),'2024-10-14',NULL,NULL,NULL,NULL,NULL,NOW(),NOW()),
((SELECT id FROM students WHERE usid='GH-UW-S010-2024-0001-0'),(SELECT id FROM schools WHERE school_code='S010'),(SELECT id FROM schools WHERE school_code='S001'),'Academic program','PENDING',(SELECT id FROM users WHERE username='student_u4'),'2024-10-15',NULL,NULL,NULL,NULL,NULL,NOW(),NOW());
